phrase,wiki_score
a survey,0.0
a note,0.0
it,0.1
the,0.1
its application,0.4
a class,0.2
special issue,0.1
the impact,0.1
a review,0.2
the role,0.0
a framework,0.5
a study,0.0
the use,0.2
performance analysis,0.6
the case,0.1
the internet,0.6
the presence,0.1
a comparison,0.4
neural networks,0.9
the performance,0.0
erratum,0.1
the effect,0.2
you,0.1
an application,0.6
a method,0.2
the design,0.1
a model,0.1
the effects,0.2
ccedil,0.1
the web,0.9
corrigendum,0.4
the number,0.0
wireless networks,0.3
3d,0.6
the editor-in-chief,0.0
iot,0.9
genetic algorithms,0.5
the influence,0.0
the development,0.1
cloud computing,0.8
5g,0.2
the editor,0.4
the complexity,0.9
an approach,0.0
review of,0.1
heuristics,0.4
ntilde,0.1
performance evaluation,0.2
szlig,0.1
e-learning,0.1
cryptanalysis,0.9
a hybrid,0.2
robustness,0.5
the analysis,0.3
vanets,0.4
genetic algorithm,0.4
erratum to,0.1
guest editorial,0.1
the future,0.0
hoc networks,0.3
an overview,0.0
fpga,0.4
wsns,0.2
minimization,0.7
twitter,0.3
the cloud,0.2
manets,0.0
a tool,0.1
fpgas,0.2
a generalization,0.4
gpus,0.8
permutations,0.3
ontologies,0.6
automata,0.7
wavelet,0.5
algebras,0.0
an algorithm,0.9
smartphones,0.2
polynomials,0.7
e-government,0.1
all,0.0
a case,0.1
petri nets,0.9
real-time,0.1
social networks,0.5
gpu,0.8
interpolation,0.7
a system,0.2
e-commerce,0.1
approximations,0.3
the solution,0.1
the evolution,0.0
lattices,0.0
an analysis,0.3
hypercubes,0.1
its applications,0.2
generalization,0.4
that,0.0
blockchain,0.4
classifiers,0.4
editor 's,0.2
machine learning,1.0
atilde,0.1
ofdm,0.1
deep learning,0.9
hypergraphs,0.4
the context,0.4
decision-making,0.2
mimo,0.4
a graph,0.7
prolog,0.7
grids,0.2
the relationship,0.1
uavs,0.3
the application,0.5
optimality,0.6
quantification,0.4
artifact,0.5
heuristic,0.3
mapreduce,0.9
probabilistic,0.4
duality,0.1
wavelets,0.6
sensor networks,0.4
queues,0.5
regularization,0.3
2d,0.4
semigroups,0.1
errata,0.2
students ',0.0
derivation,0.2
hci,0.4
crowdsourcing,0.4
characterizations,0.2
lte,0.2
cryptologic,0.3
multi-agent systems,1.0
espa,0.0
wsn,0.3
big data,0.5
a heuristic,0.4
large-scale,0.3
neural network,1.0
svm,0.7
controllability,0.4
manet,0.0
a conjecture,0.0
resource allocation,0.3
the robustness,0.5
facebook,0.7
beamforming,0.7
uav,0.3
a methodology,0.2
logics,0.4
c++,0.4
on,0.2
$ \,0.0
face recognition,0.8
digraphs,0.2
parallelization,0.5
ecirc,0.1
metaheuristics,0.9
wlans,0.0
simulated annealing,0.9
image segmentation,0.9
anonymity,0.5
uniqueness,0.2
unification,0.0
energy-efficient,0.0
trajectories,0.1
vanet,0.5
computations,0.9
the effectiveness,0.0
i.,0.0
biometrics,0.9
ambiguity,0.2
h. 264/avc,0.4
factorization,0.6
lidar,0.3
constructions,0.1
mammograms,0.2
the dynamics,0.2
inversion,0.2
eeg,0.3
tabu,0.1
the interplay,0.5
variational inequalities,0.6
resilience,0.2
rationality,0.1
pso,0.3
0.13,0.1
heterogeneous networks,0.5
microgrids,0.0
sparsity,0.5
this,0.0
hetnets,0.3
concurrency,0.7
ofdm systems,0.4
multipliers,0.1
equilibria,0.1
parallelism,0.4
ensembles,0.1
outliers,0.0
personalization,0.3
memoriam,0.0
randomness,0.6
pca,0.3
anfis,0.3
modis,0.0
causality,0.0
eigenvalues,0.3
's,0.0
or,0.1
multiprocessors,0.9
self-organization,0.1
categorization,0.3
acirc,0.1
systeme,0.0
parametric,0.4
summarization,0.4
generalizations,0.4
provenance,0.1
normalization,0.5
intersections,0.0
permutation polynomials,0.6
0.18,0.2
landsat 8,0.1
classifier,0.6
nakagami,0.0
hevc,0.4
65-nm cmos,0.2
markov,0.6
heterogeneity,0.1
k-means,0.5
regularity,0.1
on the,0.0
compressive,0.2
definability,0.2
gamification,0.8
posets,0.0
coexistence,0.1
copulas,0.0
tomography,0.2
r.,0.1
decidability,0.3
bayesian,0.3
vlsi,0.4
space-time,0.1
histogram,0.6
predictors,0.1
ahp,0.0
cscl,0.0
hough,0.3
fmri,0.2
estimators,0.2
cybernetics,0.2
subgraphs,0.8
automorphisms,0.1
the theory,0.1
negation,0.0
axioms,0.3
discretization,0.3
maximization,0.4
maude,0.0
the optimality,0.5
subsets,0.1
rezension,0.0
the convergence,0.2
the estimation,0.4
virtualization,0.5
grammars,0.8
openmp,0.9
antecedents,0.0
noma,0.0
swipt,0.0
fuzzy logic,0.7
2.0,0.4
argumentation,0.2
pdes,0.0
invariants,0.2
hierarchies,0.2
embedding,0.6
monotonicity,0.2
matchings,0.4
the evaluation,0.2
quantization,0.4
h. 264,0.5
universality,0.1
cuda,0.7
oslash,0.3
makespan,0.6
cryptology,0.8
deterministic,0.8
a 3d,0.6
steganography,0.9
low-power,0.1
3-d,0.6
android,0.9
high-speed,0.0
out-of,0.0
topologies,0.2
dissertationen,0.1
landsat,0.0
ocirc,0.1
preconditioners,0.5
decompositions,0.4
2-d,0.2
e-business,0.3
ipv6,0.2
prioritization,0.4
state-of-the-art,0.0
triangles,0.1
formulations,0.1
a characterization,0.2
umts,0.0
poisson,0.0
countermeasures,0.0
hadoop,0.6
super-resolution,0.4
motivations,0.1
dft,0.7
meshes,0.5
c.,0.3
the downlink,0.1
rejoinder,0.0
-1,0.0
undecidability,0.6
computability,0.8
theorems,0.0
fingerprints,0.6
csp,0.4
equalization,0.2
uplink,0.3
downlink,0.1
d2d,0.2
prognostics,0.1
the hypercube,0.1
steganalysis,0.9
atanassov 's,0.1
sentinel-2,0.1
cellular automata,0.7
trade-offs,0.0
extrapolation,0.2
q-learning,0.9
high-performance,0.1
workflows,0.8
tweets,0.3
a priori,0.0
comput,0.9
moocs,0.3
saliency,0.3
hybridization,0.0
topsis,0.4
oscillations,0.1
dimensionality,0.6
parameterization,0.5
the accuracy,0.0
formalization,0.4
reconfiguration,0.4
wdm,0.1
otilde,0.1
gait,0.2
3g,0.3
asymptotics,0.2
modularity,0.5
reachability,0.6
hilbert 's,0.3
industrie 4.0,0.3
recursion,0.8
802.11,0.0
pmsm,0.0
the makespan,0.6
the hough,0.3
vom,0.1
the detection,0.4
denoising,0.7
p2p,0.6
histograms,0.8
priors,0.0
a meta-analysis,0.0
convexity,0.3
a gpu,0.8
integrals,0.0
hyperspectral,0.2
vehicular networks,0.2
the state-of-the-art,0.0
wimax,0.1
watermarking,0.6
cross-validation,0.6
manifolds,0.2
linearization,0.2
embeddings,0.6
permutation,0.1
two-dimensional,0.0
satisfiability,0.9
drones,0.3
cfd,0.5
elearning,0.6
polygons,0.3
lasso,0.1
microlaw,0.0
the determinants,0.1
smoothing,0.3
nonlinearity,0.2
opportunistic,0.5
splines,0.7
homogeneity,0.0
cybersecurity,1.0
cscw,0.6
perturbation,0.3
combinatorics,0.0
bibliometrics,0.3
fault-tolerant,0.7
estimator,0.2
inconsistency,0.0
microblogs,0.4
outage,0.3
wi-fi,0.3
propositions,0.2
the equivalence,0.1
fractals,0.5
model-based,0.7
dct,0.4
interactivity,0.2
multi-agent,1.0
conjecture,0.0
time-series,0.1
occlusion,0.1
lda,0.3
svd,0.1
gnss,0.0
the axiom,0.4
monoids,0.3
coalgebras,0.1
modula-2,0.7
the structure,0.2
m-learning,0.2
multivariate,0.2
expansions,0.2
your,0.0
decentralized,0.4
adaboost,1.0
externalities,0.0
iterative,0.9
o.,0.0
pitfalls,0.5
subgroups,0.0
the reals,0.2
quantifiers,0.5
the computation,0.9
teleoperation,0.5
randomization,0.4
mappings,0.3
privacy-preserving,0.6
contours,0.2
subspace,0.3
matroids,1.0
calculi,0.3
reproducibility,0.1
divergence,0.1
bisimulation,0.8
zeros,0.1
cliques,0.3
the h-index,0.3
the decidability,0.1
homomorphisms,0.1
the undecidability,0.6
residuated lattices,0.5
harmonics,0.0
bericht,0.0
homogenization,0.0
parkinson 's,0.0
cross-correlation,0.4
peer-to-peer,0.5
triangulations,0.5
normality,0.0
pairings,0.0
vagueness,0.1
tradeoffs,0.8
discrete-time,0.6
symmetries,0.0
re-identification,0.5
visualizations,0.6
cipher,0.5
descriptors,0.4
plagiarism,0.1
a tabu,0.1
mimo-ofdm,0.4
kalman,0.2
convolutional,0.9
cnns,0.1
icts,0.1
modality,0.1
covariates,0.0
s.,0.0
a poset,0.0
abstractions,0.2
internet-of-things,0.9
multipath,0.5
wideband,0.3
a hypercube,0.1
sentinel-1,0.0
einwurf,0.0
cryptosystem,0.6
forensics,0.5
locomotion,0.1
the hippocampus,0.0
e-mail,0.6
ica,0.1
multidimensional,0.4
assimilation,0.2
relaxations,0.1
preprocessing,0.8
haskell,0.1
traceability,0.5
odes,0.0
second-order,0.1
the gpu,0.8
survivability,0.2
uwb,0.0
lte-advanced,0.2
dtns,0.2
arcs,0.1
the hardness,0.1
subspaces,0.2
intercomparison,0.3
buchtipp,0.0
modal logics,0.8
bilinear pairings,0.0
and,0.3
synchrony,0.0
inferences,0.1
abduction,0.1
dirichlet,0.2
topological,0.1
e-science,0.4
separability,0.4
geometries,0.2
observability,0.4
monotone,0.4
orchestration,0.2
supercomputers,0.9
linearity,0.3
low-cost,0.0
gestures,0.1
the trade-off,0.1
complementarity,0.3
polyhedra,0.3
the derivation,0.2
pareto,0.2
hilbert,0.2
bitcoin,0.8
manipulator,0.5
multiuser,0.9
facets,0.0
p.,0.0
colorings,0.3
the minimization,0.8
+1,0.0
compositionality,0.2
context-free grammars,1.0
iptv,0.0
beispiel,0.1
bayesian inference,0.2
autocorrelation,0.4
ciphers,0.6
simplification,0.3
taxonomies,0.0
ecg,0.1
orthogonal,0.1
a.,0.1
evapotranspiration,0.0
curvature,0.0
granularity,0.2
kinematics,0.3
repositories,0.5
cuckoo,0.1
paradigms,0.3
time-varying,0.3
reals,0.1
ds-cdma,0.0
lte-a,0.2
hemirings,0.0
hamiltonicity,0.6
a quadrotor,0.1
gro,0.0
the iot,0.8
robotic manipulators,0.7
feature selection,1.0
a taxonomy,0.0
case-based reasoning,0.7
polytopes,0.0
4g,0.3
imputation,0.0
combinatorial,0.4
olap,0.6
pruning,0.2
openstreetmap,0.2
gpgpus,0.8
affine,0.0
roughness,0.1
quantiles,0.0
solitons,0.0
predictability,0.2
n.,0.1
first-principles,0.1
epistemology,0.0
a formalization,0.5
disruptions,0.1
telemedicine,0.0
perturbations,0.4
convolution,0.7
superconvergence,0.5
zipf 's,0.3
fuzziness,0.6
dependability,0.5
cross-layer,0.6
full-duplex,0.3
c-ran,0.3
orthogonal polynomials,0.1
quadrotors,0.1
0-1,0.3
realizability,0.4
peirce 's,0.0
hyperspectral unmixing,0.0
network-on-chip,0.3
self-similarity,0.4
anforderungen,0.0
unternehmen,0.0
cryptanalysts ',0.5
urbanization,0.0
tensors,0.0
microreview,0.1
rendezvous,0.1
biometric,0.9
sram,0.4
photogrammetry,0.7
context-aware,0.3
hardness,0.1
data-driven,0.5
smt,0.4
mcmc,0.4
datalog,1.0
characterisation,0.0
parametrization,0.1
isomorphism,0.2
querying,0.7
e-health,0.0
retraction,0.0
invariance,0.1
nsga-ii,0.7
fem,0.3
multiscale,0.4
predicates,0.3
np-hard,0.9
opencl,1.0
the eigenvalues,0.3
groupware,0.9
uas,0.2
i/q imbalance,0.3
mrc,0.1
femtocells,0.2
fdd,0.1
the uplink,0.4
permanent-magnet,0.0
orderings,0.0
a counterexample,0.2
multilayer perceptrons,0.9
svms,0.7
inverses,0.1
rewriting,0.5
isomorphisms,0.1
multilevel inverters,0.1
produkte,0.1
buchbesprechung,0.0
ndvi,0.0
chlorophyll,0.0
insar,0.0
quine 's,0.2
the emergence,0.2
pushdown automata,1.0
the expressiveness,0.2
disambiguation,0.1
asymmetric,0.3
multimodal,0.4
the u.s.,0.0
youtube,0.1
microcomputers,0.7
bifurcation,0.1
meta-analysis,0.0
elasticity,0.0
backpropagation,1.0
scatter,0.1
gabor,0.1
jamming,0.1
asymmetry,0.1
semirings,0.2
hypermedia,0.9
speedup,0.9
serendipity,0.2
trade-off,0.1
networks-on-chip,0.4
graphene,0.1
skeletons,0.0
functionals,0.1
biomolecules,0.0
arq,0.7
tradeoff,0.8
lstm,0.9
timelines,0.3
lotka 's,0.1
wordnet,0.5
k.,0.1
distributive lattices,0.0
choquet,0.0
zigbee,0.6
compactness,0.0
microgrid,0.0
nonlinearities,0.2
sommaire,0.0
spect,0.2
ordinals,0.0
corrigenda,0.1
eic,0.0
composants,0.1
euler 's,0.2
reconfigurable,0.7
weibull,0.0
covariance,0.1
hpc,0.6
mpeg-7,0.2
coevolution,0.1
aco,0.0
cyberinfrastructure,0.7
landslides,0.0
gpgpu,0.9
minlp,0.8
gradients,0.7
recourse,0.0
inconsistencies,0.0
bisimilarity,0.6
authorship,0.0
collusion,0.0
discounting,0.0
interplay,0.3
radon,0.0
solver,0.8
modelo,0.0
mmwave,0.5
interdisciplinarity,0.0
equivalences,0.1
the pi-calculus,0.4
mems,0.0
entanglement,0.3
microcalcifications,0.1
pwm,0.2
rectifier,0.1
crosstalk,0.3
uninorms,0.0
the wavelet,0.4
high-resolution,0.3
the newsstand,0.3
l-band,0.0
landsat-8,0.1
foresight,0.0
irreducible polynomials,0.6
vhdl,0.7
heteroscedasticity,0.1
outlier,0.4
hypergraph,0.5
quadtrees,0.9
np-completeness,1.0
laplacian,0.5
deconvolution,0.6
singularities,0.1
high-order,0.4
multispectral,0.3
corpora,0.2
anti-spoofing,0.5
self-assembly,0.0
delaunay triangulation,0.8
percolation,0.4
praxis,0.1
indeterminacy,0.2
the coexistence,0.1
a typology,0.0
multivariate polynomials,0.7
botnets,1.0
e-books,0.2
empathy,0.1
devs,0.3
smalltalk,0.8
mathematica,0.3
bose-einstein condensates,0.0
x-ray,0.0
clp,0.0
qam,0.0
full-duplex relaying,0.2
polymorphism,0.4
the uniqueness,0.2
causation,0.0
chebyshev polynomials,0.6
delineation,0.0
discrepancy,0.1
cographs,0.6
diagnosability,0.1
conditionals,0.2
wban,0.1
distributivity,0.0
a microgrid,0.0
transients,0.1
islanded microgrids,0.0
frege 's,0.2
riemannian manifolds,0.2
entwicklung,0.0
mimo radars,0.3
energiewende,0.0
comsoc 's,0.3
aelig,0.1
ary,0.1
testability,0.3
multi-objective,0.9
ultra-wideband,0.2
refinements,0.6
spatio-temporal,0.7
geospatial,0.3
triangulation,0.3
tensor,0.0
kernelization,0.7
criticality,0.2
ocl,0.2
e-services,0.1
hypercube,0.1
swarm,0.3
homology,0.2
not,0.2
nonconvex,0.1
the antecedents,0.0
or not,0.0
metamodels,0.6
hysteresis,0.0
prototyping,0.5
plasmas,0.0
periodicity,0.0
unstructured grids,0.8
counterexamples,0.1
entropies,0.5
solvation,0.5
infrastructures,0.1
edca,0.0
low-resolution adcs,0.6
crowdsensing,0.4
interworking,0.4
evs,0.1
librarianship,0.0
referees,0.0
continuations,0.3
two-stage,0.0
multilayer perceptron,1.0
mppt,0.1
a permutation,0.2
ultrafilters,0.0
rectangles,0.2
nonexistence,0.0
assertions,0.5
expressiveness,0.2
inverters,0.3
multilevel thresholding,0.6
setups,0.1
qoe,0.3
localisation,0.4
2.5,0.2
adaptivity,0.3
explorations,0.0
unconstrained minimization,1.0
adcs,0.3
tarski 's,0.2
terrasar-x,0.1
spektrum,0.0
1.40,0.1
rbac,0.8
quadratic,0.3
enigma,0.3
palmprint,0.3
m-commerce,0.0
visualisation,0.5
seasonality,0.0
meta-learning,0.5
self-adaptation,0.0
approximability,0.7
dwt,0.2
inpainting,0.6
deduplication,0.7
semi-supervised,1.0
unsupervised,0.5
cbr,0.0
digitization,0.3
minimax,0.4
liveness,0.3
datacenters,0.8
treewidth,1.0
three-dimensional,0.2
motifs,0.1
folksonomies,0.3
subjectivity,0.1
self-efficacy,0.0
saas,0.1
microprocessors,0.2
fft,0.9
wittgenstein,0.0
contagion,0.0
acknowledgment,0.2
discontinuities,0.1
solvability,0.3
cardinality,0.3
finitely,0.3
metaphors,0.1
v.,0.0
the parallelization,0.6
poisson 's,0.1
in-situ,0.0
robocup,0.2
asymptotically,0.2
interferers,0.1
precoding,0.4
handover,0.1
superposition,0.3
accelerometers,0.0
branch-and-bound,0.9
the resilience,0.2
reformulation,0.2
coq,0.1
subtyping,0.8
monads,0.1
noc,0.2
semihypergroups,0.0
superpixels,0.2
icn,0.1
time-delay,0.4
backstepping,0.1
vns,0.2
minimalism,0.1
turing 's,1.0
congruences,0.0
hmms,0.5
kullback-leibler divergence,0.4
least-squares,1.0
variances,0.1
a probabilistic,0.4
a 2,0.0
pairing,0.2
ipmsm,0.0
datenbanksystemen,0.0
tikhonov regularization,0.7
self-calibration,0.5
plasticity,0.0
c#,0.3
editor-in-chief 's,0.0
x-band,0.0
cones,0.0
recursively enumerable,0.8
neuroinformatics,0.4
digitalisierung,0.2
schwerpunkt,0.1
dopamine,0.0
the sigs,0.0
artificial intelligence,1.0
ieee 802.11,0.2
pki,0.3
neuroimaging,0.1
bifurcations,0.2
paradoxes,0.1
occlusions,0.2
microservices,1.0
inductive,0.2
discriminative,0.6
object-oriented,0.9
collocation,0.6
affordances,0.1
bivariate,0.1
degeneracy,0.1
4.0,0.3
rigidity,0.0
thermodynamics,0.0
preemption,0.2
reciprocity,0.1
microblog,0.4
co-clustering,0.7
context-awareness,0.3
multiplicity,0.0
inc.,0.2
admissibility,0.3
self-regulation,0.0
adsorption,0.0
post-processing,0.2
digitalization,0.5
ccs,0.0
adaptability,0.1
sdes,0.4
svm classifier,1.0
itemsets,0.8
b-splines,1.0
unstructured meshes,0.9
swarms,0.2
3gpp,0.4
rayleigh,0.0
millimeter-wave,0.1
multichannel,0.0
iov,0.2
intermediaries,0.2
on-line,0.2
github,0.7
multilevel,0.3
t-s,0.0
petri,0.1
mammography,0.2
3-uniform hypergraphs,0.5
a hypergraph,0.5
involutions,0.1
tableaux,0.2
6lowpan,0.6
nondeterminism,0.7
superpixel,0.2
lagrange multipliers,0.4
biclustering,0.9
glaucoma,0.0
orbits,0.0
pedestrians,0.1
wearables,0.5
positivity,0.0
piezoelectric actuators,0.0
pll,0.0
vers,0.0
contourlet,0.9
a low-power,0.1
counterfactuals,0.2
the discretization,0.2
iterations,0.8
pedagogy,0.0
energy-efficiency,0.0
analysing,0.3
pansharpening,0.2
metaphysics,0.0
elliptic pdes,0.4
reconfigurable meshes,0.5
mm3,0.2
event-related potentials,0.2
erfahrungen,0.0
mashups,0.3
eavesdropping,0.3
service-oriented,0.4
ethnography,0.0
tilings,0.0
p-values,0.0
asymptotic,0.2
geostatistics,0.2
r-trees,0.8
mpeg-4,0.3
postprocessing,0.5
bayes,0.2
piecewise,0.5
geolocation,0.5
location-based,0.4
3.0,0.3
unifying,0.1
multicore,0.4
milp,0.9
multicriteria,0.5
gabor wavelets,0.7
gmm,0.0
biomarkers,0.0
realizations,0.4
makespan minimization,0.5
resonances,0.0
augmented,0.3
decoupling,0.2
kdd,0.3
selectivity,0.0
higher-order,0.5
derivations,0.0
decentralization,0.3
multicomputers,0.7
narratives,0.0
inefficiency,0.1
aversion,0.2
analogies,0.1
hiv/aids,0.0
chebyshev,0.4
the mssm,0.0
springer-verlag,0.0
hydration,0.0
end-users,0.5
a predictor,0.4
auvs,0.0
supercapacitors,0.0
c-band,0.0
two-way relaying,0.1
two-tier,0.1
waveforms,0.0
symbiosis,0.1
wikis,0.8
multi-source,0.4
axiomatizations,0.4
multicores,0.4
bl-algebras,0.7
low-rank,0.3
multi-criteria decision-making,0.3
reservoirs,0.0
mlp,0.3
s-boxes,0.2
snarks,0.1
quaternion,0.2
a formalism,0.0
qfd,0.0
thresholding,0.6
sinusoids,0.3
the cardinality,0.3
the choquet,0.0
discretizations,0.4
cramer-rao,0.3
synchronisation,0.1
$ -,0.0
b.,0.0
eigenvectors,0.5
quotients,0.1
pmsms,0.0
brushless,0.0
capacitors,0.0
decoherence,0.9
multi-agents,1.0
intuitionistic,0.7
q-rung orthopair,0.0
laplace,0.0
10 gb/s,0.3
pipelined adcs,0.2
3d-hevc,0.4
wbans,0.1
e-governance,0.2
preconditioning,0.5
the radon,0.1
despeckling,0.3
\ infty,0.2
the epistemology,0.0
stap,0.0
gpr,0.2
informatik-patente,0.0
unsolvability,0.4
zukunft,0.0
microprocessor,0.6
isic,0.0
zusammenfassung,0.1
macromolecules,0.0
obdds,0.8
maxima,0.2
uniformity,0.0
wiener,0.2
aal,0.0
dissociation,0.0
cryptosystems,0.7
polyominoes,0.1
econometrics,0.3
hotelling 's,0.0
residuals,0.3
heaps,0.3
first-order,0.5
neuron,0.1
co-location,0.3
conflation,0.1
energy-aware,0.4
time-dependent,0.2
lod,0.2
retina,0.1
opacity,0.0
skeletonization,0.2
biases,0.0
singularity,0.2
sparql,0.9
a nutshell,0.0
homophily,0.2
aggregates,0.2
fault-tolerance,0.9
morphisms,0.2
solvers,0.4
concatenation,0.7
blas,0.2
quicksort,0.9
bandits,0.1
strategy-proofness,0.3
differentiability,0.2
multiphase,0.1
cross-docking,0.0
conceptualization,0.1
simulink,0.6
a case-study,0.0
dijkstra 's,0.5
steady-state,0.0
asymptotic optimality,0.6
betweenness centrality,0.9
labelings,0.4
trustworthiness,0.4
a real-time,0.1
lms,0.2
on a,0.0
ssds,0.4
the 3d,0.6
degenerate,0.0
classifier ensembles,0.9
or/ms,0.1
kinect,0.7
resilient,0.1
imperfect csit,0.1
low-complexity,0.4
qos-aware,0.6
decode-and-forward relaying,0.3
ofdma,0.1
v2x,0.3
chameleon,0.0
jitter,0.3
non-orthogonal,0.2
esprit,0.2
offloading,0.2
the inconsistency,0.0
a classifier,0.6
co-evolution,0.0
transitivity,0.3
siglog,1.0
reversals,0.0
astrocytes,0.0
bonferroni,0.0
rbf,0.4
autoencoders,1.0
dfig,0.1
multisets,0.5
branch-and-price,0.3
the torus,0.1
branch-and-cut,0.5
radiotherapy,0.0
kant 's,0.0
polypeptides,0.0
dematel,0.0
anp,0.0
a metamodel,0.6
fcm,0.1
k-out-of-n,0.2
h.,0.0
type-2,0.1
nim,0.1
stator,0.0
high-efficiency,0.3
decryption,0.7
primitives,0.5
semilattices,0.0
modulator,0.0
tsv,0.0
high-throughput,0.4
time-interleaved adcs,0.4
tms,0.1
sift,0.6
aphasia,0.0
1 queues,0.3
micrornas,0.0
pseudovarieties,0.0
webword,0.1
openstack,0.7
lorawan,0.5
boundedness,0.0
rpl,0.2
retinex,0.9
doa,0.1
chichester,0.0
serviceteil,0.0
broca 's,0.0
sigchi,0.9
alzheimer 's,0.0
anaphora,0.0
hyperplanes,0.2
nahmen,0.0
multiplicative,0.2
well-being,0.0
component-based,0.6
content-based,0.5
lossy,0.7
hippocampus,0.0
electroencephalography,0.3
intranets,0.7
cybercrime,0.2
multicasting,0.5
polytope,0.1
delaunay triangulations,0.8
logistic,0.1
surrogate,0.3
non-uniform,0.5
elicitation,0.3
built-in self-test,0.3
formalisms,0.2
elliptic,0.1
synaptic plasticity,0.1
metaheuristic,0.8
euclidean,0.1
high-dimensional,0.5
imprecision,0.0
multi-criteria,0.3
mde,0.3
boosting,0.4
reflectance,0.2
geodesics,0.1
nlp,0.4
jacobians,0.2
gauss,0.5
dissimilarity,0.3
i/o,0.3
industrie,0.1
continuous-time,0.3
spanners,0.1
atomicity,0.4
self-organizing,0.6
e-participation,0.0
problem-solving,0.5
three-phase,0.1
srm,0.2
determinism,0.1
axiomatic,0.2
utilitarianism,0.0
obsolescence,0.1
payoffs,0.0
diversification,0.0
inertia,0.0
a low-cost,0.0
co-design,0.3
hopf bifurcation,0.0
openfoam,1.0
transshipment,0.1
the dimensionality,0.5
'em,0.2
remanufacturing,0.0
reusability,0.2
hla,0.1
aodv,0.5
scopus,0.0
pragmatics,0.1
attractors,0.1
a 1,0.0
hardware/software co-design,0.7
rotations,0.1
corrigendum to,0.3
phenomenology,0.0
mcdm,0.4
trustworthy,0.4
ofdma uplink,0.2
sum-rate maximization,0.6
opportunistic relaying,0.8
multiuser mimo,0.5
multi-user,0.9
jasis,0.1
esterel,0.3
correspondences,0.0
complexities,0.6
competences,0.1
pvs,0.2
multi-layer perceptron,1.0
finite-time,0.5
bci-algebras,0.4
fractional-order,0.0
artefacts,0.1
lyapunov exponents,0.1
connectedness,0.2
a digraph,0.1
colourings,0.2
multigraphs,0.6
clique,0.3
chromatic polynomials,0.9
z.,0.1
subsystems,0.3
scaffolding,0.1
disjoint,0.2
dialogues,0.0
hadamard,0.5
mv-algebras,0.4
reducts,0.4
ltl,0.1
confluence,0.2
completions,0.1
rework,0.1
multi-document summarization,0.8
refactoring,0.9
self-management,0.1
energetics,0.0
noises,0.0
fanets,0.0
single-server queues,0.3
the combinatorics,0.0
inversions,0.1
lcl,0.1
grid-connected inverters,0.0
excitation,0.0
bootstrapping,0.2
buchbesprechungen,0.0
informationssysteme,0.4
icirc,0.1
topography,0.3
permutation trinomials,0.2
reversibility,0.1
shared-memory multiprocessors,1.0
a testbed,0.2
fapar,0.0
multi-view,0.8
retransmission,0.1
endomorphisms,0.2
the trenches,0.1
parsers,0.9
uwsns,0.0
smos,0.1
u-net,0.2
a uav,0.3
self-learning,0.3
xcs,0.1
nb-iot,0.6
the metaphysics,0.1
carnap 's,0.0
divergences,0.1
1d,0.0
the probabilistic,0.4
multigrid,0.6
jpeg2000,0.8
resting-state,0.2
perceptual,0.1
wissensmanagement,0.3
commentaires,0.0
cronin,0.0
nfv,0.6
modellierung,0.4
systemen,0.4
kurzfassung,0.0
comsoc,0.5
sigcse,0.9
game-tree,0.6
benzene,0.0
rayleigh fading,0.0
the importance,0.1
lilog,0.1
summation,0.1
smoothness,0.2
signcryption,0.6
exponentiation,0.2
x.,0.1
bist,0.0
face-to-face,0.0
neuronal,0.3
anns,0.1
cluster-based,0.5
interpretability,0.2
transducers,0.2
haptic,0.3
fpga-based,0.6
etl,0.1
neuroevolution,0.8
plausibility,0.1
raster,0.8
anonymization,0.5
curation,0.1
a bayesian,0.3
resampling,0.9
inaccuracy,0.0
binarization,0.7
pre-processing,0.5
azimuth,0.0
lbp,0.3
affective,0.1
oscillator,0.0
repetitions,0.2
tunneling,0.5
centrality,0.6
structuralism,0.0
dbpedia,0.7
dbms,0.7
finiteness,0.3
optimizer,0.7
ssd,0.2
amdahl 's,0.9
pareto optimality,0.3
chatbots,0.8
sequence-dependent setups,0.6
ethylene,0.0
crystallization,0.0
a trade-off,0.1
t.,0.0
a stabilized,0.0
detectability,0.1
a swarm,0.4
the approximability,0.7
lookahead,0.9
congruence,0.0
blockchains,0.5
informetrics,0.1
reminiscences,0.0
the zeros,0.1
morphological,0.2
invertibility,0.2
subroutines,0.7
self-healing,0.0
a wavelet,0.5
isabelle/hol,0.8
sph,0.2
anova,0.1
the 2d,0.3
anisotropy,0.1
a derivation,0.2
formalism,0.0
batches,0.4
personas,0.7
harq,0.3
dimensioning,0.1
imbalance,0.0
unicast,0.4
a polygon,0.2
bidirectional,0.5
amplify-and-forward relaying,0.3
the beholder,0.2
1/2,0.2
innovativeness,0.2
c/c,0.1
modalities,0.1
cosine,0.3
axiom,0.4
cmps,0.2
censoring,0.2
misclassification,0.1
shrinkage,0.0
kriging,0.4
elan,0.1
interval-valued,0.1
curvelet,0.8
the inversion,0.3
emd,0.0
svr,0.1
antichains,0.2
deletions,0.2
recognizability,0.0
triples,0.2
transversals,0.0
-2,0.0
coverings,0.1
combinators,0.8
formalisation,0.0
bisimulations,0.8
learnability,0.7
chua 's,0.0
multimodal biometrics,0.6
on-chip interconnects,0.4
lans,0.0
factorizations,0.5
the discrepancy,0.1
conjectures,0.0
a 2d,0.4
a pmsm,0.0
three-phase inverters,0.0
manipulators,0.4
on-chip,0.2
urdu,0.0
fallstudie,0.0
logiciels,0.7
articulation,0.0
the controllability,0.2
haar wavelets,0.6
pythagorean,0.0
socs,0.2
third-order,0.0
the generalization,0.4
testbed,0.2
enablers,0.2
nocs,0.0
sequent calculi,0.2
well-posedness,0.3
polygonal meshes,0.8
the 1990s,0.0
croplands,0.0
sigplan,0.9
grasslands,0.0
wmns,0.1
isar,0.0
gnss-r,0.0
oli,0.0
pancyclicity,0.7
emergent,0.4
wittgenstein 's,0.0
triangular meshes,1.0
augmented lagrangians,1.0
recollection,0.0
alos palsar,0.0
sicherheit,0.1
medizin,0.0
bgp,0.5
anwendungen,0.2
herausforderungen,0.1
amygdala,0.1
alles,0.0
vorwort,0.0
handwritten numerals,0.1
qm/mm,0.9
a family,0.0
multi-objective optimization,0.7
the study,0.0
inexact,0.1
reordering,0.2
w3c,0.8
shamir 's,0.1
shrinking,0.0
binomial,0.1
cmc,0.2
maintainability,0.5
lambda-calculus,0.8
dendritic spines,0.1
multistability,0.1
magnetoencephalography,0.1
capacitance,0.1
espionage,0.0
reengineering,0.3
vehicular,0.2
eigenvalue,0.3
atrial fibrillation,0.0
reducibility,0.6
fibonacci,0.3
insecurity,0.0
floorplanning,0.4
mpeg-2,0.1
mpsocs,0.6
advancements,0.0
associative,0.4
ais,0.0
cost-sensitive,0.3
occam 's,0.3
quadtree,0.9
contextualization,0.2
r-tree,0.9
arcgis,0.7
multicriteria decision-making,0.6
co-occurrence,0.7
predication,0.4
determinant,0.1
extensible,0.8
eigenspace,0.1
actuators,0.1
actuation,0.1
disaggregation,0.0
generalised,0.0
markovian,0.4
prosody,0.1
egovernment,0.1
on-demand,0.1
anwendung,0.2
pontryagin 's,0.1
extremum,0.2
dilation,0.1
self-stabilization,0.7
subgraph,0.7
misinformation,0.2
two-phase,0.3
hyperlinks,0.5
pram,0.3
iaas,0.5
bpmn,0.8
cbir,0.5
bsp,0.2
pi-calculus,0.5
offshoring,0.1
the impossibility,0.0
lotteries,0.0
the nonexistence,0.0
non-existence,0.0
coalitions,0.0
monotonic,0.3
multi-objectives,0.9
cyber-attacks,0.7
short-term,0.1
reformulations,0.1
correntropy,0.0
lyapunov,0.0
integrators,0.6
the ubiquity,0.3
substructures,0.2
instagram,0.4
hedging,0.0
e-readers,0.1
occam,0.5
vibrations,0.0
pbl,0.0
byod,0.4
scientometrics,0.3
matchmaking,0.2
mpsoc,0.8
systemc,0.5
lotos,0.2
hydrodynamics,0.1
accelerators,0.3
convolutions,0.7
cartesian,0.2
low-frequency,0.0
e-democracy,0.0
wcdma,0.0
self-tuning,0.1
eavesdroppers,0.3
lte-u,0.1
vlc,0.5
rician,0.0
dcf,0.1
tdd,0.2
noncoherent,0.0
mc-cdma,0.2
retransmissions,0.3
decode-and-forward,0.7
actuator,0.2
cost-effectiveness,0.0
multi-scale,0.4
signalized intersections,0.1
ultra-dense,0.4
hsdpa,0.3
tdma,0.0
cd-rom,0.4
the cybernetics,0.2
the readability,0.1
dyslexia,0.0
thesauri,0.5
interrelationships,0.0
the unification,0.0
dispositions,0.0
axiomatization,0.4
truncation,0.4
condorcet,0.1
medians,0.2
rda,0.0
cs1,0.1
rns,0.0
microaneurysms,0.0
electroencephalogram,0.1
a hybridization,0.0
gearbox,0.1
b2c e-commerce,0.2
agc,0.1
electrocardiogram,0.1
attenuation,0.0
subclasses,0.4
acyclic,0.4
tuples,0.9
constructivism,0.0
lsb,0.6
ctl,0.3
tarski,0.1
estimations,0.4
the axiomatization,0.4
behaviours,0.1
cut-elimination,0.2
two-way,0.0
deforestation,0.0
airs,0.0
xgboost,0.7
trusses,0.0
benders ',0.1
evidences,0.0
variational integrators,0.5
diffserv,0.7
mec,0.0
transceiver,0.1
vizing 's,0.8
schur,0.0
the trajectories,0.1
ansatz,0.3
a 0.13,0.1
mosfets,0.1
grid-connected,0.1
standstill,0.0
a microcomputer,0.5
dissipation,0.1
android smartphones,0.8
fachgruppen,0.0
informatik,0.6
papers/participation,0.2
einsatz,0.0
ncia,0.0
hesitant,0.0
desertification,0.0
hypergroups,0.0
cumulants,0.1
bim,0.1
radicals,0.0
smote,0.0
rssi,0.2
quadrotor,0.1
isscc,0.3
oscillators,0.0
0.35,0.1
$ -lcb-,0.2
exergames,0.7
commutativity,0.0
provability,0.4
cardinalities,0.1
functors,0.1
transferability,0.2
stratification,0.0
coap,0.6
uav photogrammetry,0.8
openflow,0.6
circularity,0.0
ransac,0.8
aster,0.0
lst,0.1
downscaling,0.2
hume 's,0.0
grounding,0.0
interconnects,0.4
the cofinality,0.0
bivariate interpolation,0.5
yager 's,0.4
mangroves,0.0
inter-comparison,0.4
viirs,0.1
themenheft,0.0
aspectj,1.0
courseware,0.1
relaying,0.1
ellipses,0.1
single-image super-resolution,0.6
s4,0.1
m-sequences,0.5
exponentials,0.0
borel,0.0
cyclostationarity,0.0
kmu,0.0
adolescence,0.0
eigener sache,0.0
csit,0.5
multi-uav,0.1
erps,0.2
engagecsedu,0.1
boppard,0.0
the art,0.2
the blogosphere,0.4
the prediction,0.4
the scalability,0.4
semidefinite,0.6
1.0,0.1
ecm,0.2
nfc,0.0
interception,0.2
hydrology,0.0
semiotics,0.1
neuromodulation,0.0
modeldb,0.4
web-based,0.9
vpns,0.9
chemometrics,0.4
sufficiency,0.0
regressions,0.1
wayfinding,0.4
wearable,0.5
power-aware,0.4
simd,0.9
polarity,0.0
overfitting,0.8
co-registration,0.0
wfs,0.0
spatiotemporal,0.3
folksonomy,0.5
timestamps,0.7
gpm,0.1
projective,0.0
functionalities,0.6
codesign,0.4
lagrange,0.3
l2,0.1
individuality,0.2
hashing,0.7
copula,0.0
agent-based,0.7
exascale,0.9
omnet,0.4
crawling,0.2
sns,0.0
choreography,0.1
a dbms,0.7
polyhedron,0.1
microaggregation,0.0
ws-bpel,0.7
generalisation,0.2
rdbms,0.9
vocabularies,0.1
knowledge-based,0.6
paas,0.1
cross-language,0.6
nonuniform,0.5
determinacy,0.2
asd,0.0
rcr,0.0
co-operation,0.0
ergodicity,0.2
oligopoly,0.1
abstention,0.0
self-control,0.0
frictions,0.1
the perils,0.1
complementarities,0.1
deliberation,0.1
the duality,0.1
methanol,0.0
oscillation,0.1
labview,0.7
bilinear,0.1
metamodeling,0.7
admm,0.3
expanders,0.1
interdependence,0.1
multitasking,0.7
inefficiencies,0.0
long-term,0.2
scs,0.3
bottlenecks,0.3
metacognition,0.0
fixed-wing uavs,0.1
stabilisation,0.0
supercomputing,1.0
ligands,0.0
multi-core,0.7
perturbed oscillators,0.2
fermions,0.0
2n,0.2
photons,0.1
diagonalization,0.0
the normalization,0.5
vmd,0.3
haar wavelet,0.6
islanded microgrid,0.0
lagrange interpolation,0.6
open-source,0.8
iterative solvers,0.7
hamiltonian,0.3
1 +1,0.0
breakdowns,0.0
enabler,0.1
the understandability,0.1
scatterers,0.0
sc-fdma,0.2
diversity-multiplexing tradeoff,0.5
load-balancing,0.6
aircrafts,0.0
5g hetnets,0.3
handoff,0.2
sdma,0.2
802.15.4,0.1
closed-form,0.0
isi,0.0
multi-cell,0.2
frequency-domain equalization,0.3
papr,0.0
biomedicine,0.0
novices,0.0
objectivity,0.1
`` a,0.1
f.,0.0
cohesion,0.3
manipulability,0.5
valuations,0.0
high-accuracy,0.1
impulses,0.1
nanofluid,0.0
nanoparticles,0.0
siso,0.6
observer-based,0.0
insulators,0.0
passivity,0.0
takagi-sugeno,0.7
2-factors,0.3
extremal,0.5
obstructions,0.0
a matroid,0.7
erd,0.2
4-cycles,0.1
the convexity,0.3
prisms,0.2
ilp,0.4
the poset,0.0
the asymmetric,0.2
pluralism,0.0
a multi-agent,1.0
e-procurement,0.0
ransomware,1.0
event-b,0.1
subwords,0.6
re-engineering,0.3
genomes,0.0
primes,0.2
emg,0.0
dempster 's,0.0
gaussians,0.5
type-1,0.1
non-normality,0.0
supercapacitor,0.0
bayesian classifier,0.6
lsi,0.5
wavelet denoising,0.8
asymptotic expansions,0.1
chemotaxis,0.0
biclusters,0.5
epistasis,0.0
tcp/ip,0.3
dsr,0.0
statcom,0.0
descents,0.2
a duality,0.1
triangular,0.1
deformations,0.0
a smoothing,0.3
bicriteria,0.4
sensorless,0.3
gma,0.1
sram-based fpgas,0.4
ambiguities,0.2
obfuscation,0.5
konferenzen/workshops,0.0
datenbankgruppen vorgestellt,0.0
datenschutz,0.5
ntica,0.0
nullnorms,0.0
autoencoder,1.0
esscirc,0.4
0.25,0.1
sige bicmos,0.1
a 4,0.0
subthreshold,0.1
multiplier,0.3
co-creation,0.0
erlang,0.5
the retina,0.1
ct.,0.1
echocardiograms,0.1
torsion,0.1
schemas,0.4
multi-path,0.4
incompleteness,0.1
csma/ca,0.1
transputers,0.9
microcontrollers,0.9
nmf,0.3
deterministic annealing,0.8
subalgebras,0.1
the rationality,0.0
cobol,0.9
rgb-d,0.2
m2m,0.0
ubicomp,0.8
hfswr,0.0
meris,0.0
landsat 7,0.1
narrowband,0.2
dielectric,0.0
dissipativity,0.0
nonsmooth,0.5
moea/d,0.1
iots,0.6
underdetermination,0.0
the rationals,0.1
categorical,0.1
irregularly,0.1
c/c +,0.1
exponentiality,0.0
t-norms,0.4
karmarkar 's,0.4
vehicle-to-everything,0.1
software-forum,0.9
the formalization,0.3
the determinant,0.1
hypersurfaces,0.1
charmm,0.4
multi-channel,0.3
subsampling,0.4
overdispersion,0.0
categoricity,0.0
track-before-detect,0.2
projektmanagement,0.3
vergleich,0.0
datenbanken,0.1
phonology,0.0
blaise,0.0
sosym,0.3
osi,0.4
fg-treffen,0.0
electrophysiological correlates,0.0
aeronautical telemetry,0.1
the icca,0.0
reactivity,0.1
mastermind,0.1
aromaticity,0.0
hardware/software partitioning,0.8
the integers,0.4
presupposition,0.0
nonuniform grids,0.7
rc4,0.4
sss,0.1
introspection,0.1
kerberos,0.2
k-anonymity,0.5
euclid 's,0.1
fluency,0.1
scale-space,1.0
spike-timing-dependent plasticity,0.3
time-frequency,0.2
synapses,0.0
excitability,0.0
slas,0.1
mpeg-21,0.2
bayes ',0.2
univariate,0.1
permanents,0.0
identifiability,0.3
yacute,0.1
learning-based,0.2
mediators,0.0
scala,0.1
bandit,0.1
pomdps,0.9
entailment,0.2
multi-label,0.6
cartography,0.6
adaption,0.1
stationarity,0.3
epidemics,0.0
rnn,0.7
visualizing,0.6
extensibility,0.9
subsidence,0.0
trmm,0.0
triage,0.0
stereotypes,0.0
imu,0.0
variational,0.6
superresolution,0.4
structure-from-motion,0.5
standardisation,0.0
humanoids,0.1
lcp,0.1
video-based,0.3
ordinal,0.0
hyper-heuristics,0.8
quality-of-service,0.4
arbitrage,0.1
schedulers,0.6
b-trees,0.8
1.5,0.1
backtracking,0.6
microstructure,0.1
macroeconomics,0.0
non-linearity,0.3
fractal,0.4
word-of-mouth,0.1
facebook 's,0.6
tactile,0.1
microdata,0.2
t-norm,0.4
publish/subscribe,0.8
metamodel,0.6
namd,0.5
multistage,0.2
qcd,0.0
multiprocessor,1.0
neuroethics,0.0
reflexivity,0.2
biofuels,0.0
distortions,0.1
reductionism,0.1
the complexities,0.6
unawareness,0.0
misspecification,0.1
the tradeoff,0.7
biosensors,0.1
lot-sizing,0.1
biodiesel,0.0
the predictability,0.2
microalgae,0.0
priori,0.0
catalysts,0.0
non-uniformly,0.4
interconnections,0.3
photovoltaics,0.0
the hyperbolicity,0.0
ceos,0.1
impatience,0.0
asymmetries,0.1
interruptions,0.2
the quantification,0.4
videoconferencing,0.4
u.s.,0.0
informativeness,0.2
just-in-time,0.3
time-delays,0.4
quantile,0.0
anza,0.0
moodle,0.5
one-dimensional,0.2
ewom,0.2
bise,0.0
wirtschaftsinformatik,0.4
altmetrics,0.4
editor-in-chief,0.0
dropout,0.1
orientations,0.1
the a,0.1
j.,0.0
inclusions,0.1
tolerances,0.0
offsets,0.0
strassen 's,0.5
tcam,0.4
the editors-in-chief,0.2
.0,0.1
2.4,0.0
a solver,0.8
stm,0.3
aliasing,0.9
adjacency,0.6
observables,0.1
d.,0.1
a meta-model,0.6
the maintainability,0.5
valence,0.0
cyber-security,0.8
readability,0.1
ales,0.0
a objetos,0.0
multihop,0.4
802.16,0.1
zero-forcing,0.4
multiclass,0.7
ultra-reliable,0.2
mtc,0.0
a fault-tolerant,0.7
downlink beamforming,0.4
awgn,0.5
transceivers,0.0
hbox,0.2
histogram equalization,0.7
sinr,0.3
directionality,0.0
v2i,0.6
multicarrier,0.3
miso,0.2
two-tier hetnets,0.0
permeability,0.0
maneuvers,0.0
mmse,0.3
trellis,0.2
ekf,0.4
phevs,0.0
single-carrier,0.0
the parameterization,0.5
amplify,0.1
manifestation,0.0
materiality,0.0
a compendium,0.1
synergies,0.3
a rejoinder,0.0
2nd,0.0
chemists,0.0
encapsulation,0.2
successors,0.1
indifference,0.0
plurality,0.0
prentice-hall,0.6
dvfs,0.0
exploiting parallelism,1.0
tukey 's,0.2
p-splines,1.0
lossless,0.7
postures,0.1
gep,0.1
hyperrings,0.0
mems gyroscope,0.1
legged locomotion,0.0
feedforward,0.5
hyperideals,0.0
vikor,0.1
contractions,0.0
girth,0.1
the universality,0.1
bijections,0.1
lagrangians,0.6
sumsets,0.1
cayley,0.1
the p-version,0.7
connectionism,0.4
perceptrons,1.0
stagnation,0.0
e-healthcare,0.0
the monoid,0.2
representability,0.0
a polyhedron,0.1
injectivity,0.0
evolvability,0.1
extensionality,0.2
the regularity,0.1
reoptimization,0.5
hol,0.3
pdl,0.0
soundness,0.2
meta-heuristics,0.6
backhauls,0.2
fsms,0.3
convergent,0.2
bagging,0.1
fmea,0.6
multi-attribute decision-making,0.5
s-transform,0.2
alignments,0.4
e-banking,0.2
fortification,0.0
shipbuilding,0.0
a simplex,0.3
trinomials,0.3
discrete-time queues,0.5
dtn,0.2
ddos,0.8
proxies,0.6
multi-level,0.3
deds,0.2
uniformization,0.0
m/g/c,0.0
hbase,0.7
m-government,0.0
system-on-chip,0.5
subsequences,0.7
multiplicities,0.0
quadrilaterals,0.0
derangements,0.0
haar,0.1
ell,0.0
the linearity,0.2
a generalisation,0.2
ubiquity,0.2
resiliency,0.2
autopoiesis,0.3
granger causality,0.0
coils,0.0
dcm,0.1
performability,0.0
pwm rectifiers,0.0
fine-grained,0.4
delta-sigma modulator,0.5
real-time maude,0.1
separable,0.4
aring,0.0
neue,0.0
herausforderung,0.0
preise,0.0
informa,0.0
multiples,0.0
imperfections,0.0
knn,0.1
groupoids,0.0
cross-entropy,0.8
defuzzification,0.8
z-numbers,0.0
primal,0.1
interval-valued pythagorean,0.0
pert,0.2
16-nm finfet,0.2
srams,0.3
soi,0.0
$ n$,0.1
a reconfigurable,0.6
$ ^,0.0
mathrm,0.1
a high-speed,0.0
multi-class,0.6
rate-distortion,0.7
stt-ram,0.5
2000-2016,0.1
9/11,0.0
a posteriori,0.1
conjugate gradients,0.8
silico,0.3
low-latency,0.5
the perturbation,0.3
bottleneck,0.4
simplex,0.4
$ $,0.0
burn-in,0.0
wsans,0.1
the lasso,0.2
re-use,0.1
weakest preconditions,0.8
orchards,0.0
enigma 's,0.2
rejewski 's,0.6
the inadequacy,0.0
conductance,0.1
epons,0.4
ip/mpls,0.9
gmpls,0.6
quotient,0.1
notations,0.1
parametric polymorphism,0.8
self-localization,0.5
the cerebellum,0.0
#x2014,0.3
webrtc,0.7
gf-1,0.0
geobia,0.2
the embedding,0.5
multiresolution,0.7
radarsat-2,0.0
smap,0.1
co-founder,0.2
broyden 's,0.8
non-convex,0.3
iiot,0.6
cios,0.1
externalism,0.0
empiricism,0.0
husserl 's,0.0
carnap,0.0
verisimilitude,0.0
frege,0.1
indiscernibles,0.0
idealization,0.0
intuitionism,0.1
laplace 's,0.0
sheaves,0.0
ellipsoids,0.2
flatness,0.1
pseudospectra,0.2
2000-2015,0.0
landsat etm,0.2
cropland,0.0
himawari-8,0.0
e.,0.0
the transferability,0.1
forschungs,0.0
informationen/meinungen,0.0
spline,0.6
the centroid,0.3
anisotropic meshes,0.5
nanonetworks,0.2
nonsubsampled contourlet,0.3
binocular rivalry,0.2
reo,0.0
coinduction,0.6
the lambda-calculus,0.9
s5,0.1
a tradeoff,0.8
disjunction,0.1
the bottleneck,0.4
zf,0.0
dynamo,0.1
gromacs,0.4
backlogging,0.3
g.,0.0
ultraproducts,0.0
constructibility,0.0
vaught 's,0.0
cylindric algebras,0.2
canceller,0.0
frequency-domain,0.4
steuerung,0.1
it-sicherheit,0.2
warum,0.0
mittels,0.0
technik,0.0
type-ii censoring,0.2
replications,0.1
fosls,0.0
vms,0.5
tagungsbericht,0.0
automatisierungstechnik,0.2
lwa,0.0
stdp,0.4
itu-t,0.1
cable-driven manipulators,0.2
expert-systems,0.9
icca,0.0
nmij,0.0
rogowski coils,0.0
mm4,0.1
contextual grammars,0.8
convex polygons,0.2
dickson polynomials,0.5
corba,0.3
lilog-db,0.0
masking,0.3
presuppositions,0.0
x-rays,0.0
hyperbolic,0.0
oracles,0.5
camellia,0.0
side-channel,0.4
pseudorandom,1.0
iso/iec,0.4
substitutions,0.0
coprocessor,0.7
-3,0.0
primality,0.0
fingerprinting,0.7
contactless,0.4
privacy-aware,0.9
droughts,0.0
microelectronics,0.1
the ipad,1.0
granular,0.0
olfaction,0.0
non-uniqueness,0.2
neurodynamics,0.5
retinal,0.1
cortical,0.0
memristors,0.6
smartcards,0.5
multicollinearity,0.1
misconceptions,0.1
goodness-of-fit,0.1
svm classifiers,1.0
multiobjective metaheuristics,1.0
flowshops,0.7
statecharts,0.7
vision-based,0.5
modelica,1.0
gpp,0.1
h. 263,0.1
haptics,0.3
telepresence,0.3
polyhedral,0.2
coevolutionary,0.2
zero-one,0.5
co-training,0.2
interestingness,0.0
location-aware,0.7
multi-dimensional,0.3
ogc,0.6
fips,0.4
sdi,0.0
affordance,0.1
coregistration,0.2
webgis,0.2
unmanned,0.5
b-tree,0.9
gml,0.3
trilateration,0.2
top-k,0.2
voxel,0.6
zernike,0.0
aerosols,0.0
luminance,0.4
metrology,0.1
anisotropic,0.3
viscosity,0.0
hardware/software codesign,0.7
telerobotics,0.5
exoskeletons,0.1
subdifferentials,0.5
internationalization,0.2
ergonomics,0.7
human-computer,0.9
event-triggered,0.3
pseudoknots,0.1
impossibility,0.0
separators,0.1
ad-hoc,0.4
boldsymbol,0.1
non-linear,0.1
cyclicity,0.2
intentionality,0.2
constellation,0.0
gratifications,0.0
wsdl,0.7
multilayer,0.4
consortia,0.1
interoperation,0.5
gist,0.2
rmi,0.1
dtm,0.0
freshness,0.0
bpel,0.6
l1,0.1
speculative multithreading,0.8
pvm,0.6
hpf,0.2
caches,0.6
whither,0.0
nanotechnologies,0.2
innovating,0.2
the multiplicity,0.0
ambiguity aversion,0.1
decomposability,0.3
e-marketplaces,0.1
simulators,0.8
galerkin,0.4
reactors,0.0
rectification,0.1
multi-product,0.3
sugarcane,0.0
a reformulation,0.2
start-up,0.3
compressors,0.0
isat,0.2
renewables,0.0
bi-objective,0.3
seawater,0.0
istributed database systems,1.0
natural language processing,1.0
constraint programming,1.0
support vector,1.0
computational algorithms,1.0
backpropagation training,1.0
lstm networks,1.0
convolutional nets,1.0
algorithmic tasks,1.0
recurrent network models,1.0
artificial intelligence systems,1.0
artificial intelligence c,1.0
deep learning architectures,1.0
deep reinforcement learning,1.0
neural network layers,1.0
kernel perceptrons,1.0
simple rnns,1.0
image recognition,1.0
neural network decisions,1.0
recurrent network architectures,1.0
deep learning images,1.0
interior point methods,1.0
semantic image segmentation,1.0
algorithm known,1.0
malware images,1.0
optimization algorithms,1.0
imagenet classification,1.0
programming language,1.0
rnn architectures,1.0
network classifiers,1.0
memory lstm,1.0
network classifier,1.0
backpropagation algorithm,1.0
language model,1.0
memory lstms,1.0
learning vector,1.0
memories lstms,1.0
sequence autoencoder,1.0
networks lstm,1.0
train lstm,1.0
neural language modeling,0.95
neural sequence models,0.95
kernel based,0.95
neural error,0.95
feedforward networks,0.95
inverse reinforcement learning,0.95
neural network language,0.95
q learning,0.95
conditional lstm,0.95
optimization problems,0.95
outputs recognition,0.95
feature vectors,0.95
recurrent networks,0.95
iterative algorithms,0.95
word lstm,0.95
unlabeled data,0.95
stochastic optimization,0.95
neural turing,0.95
image classifier,0.95
statistical machine,0.95
many machine learning,0.95
deep learning models,0.95
intelligent text recognition,0.95
optimization technique,0.95
stochastic gradient,0.95
hyperparameter optimization,0.95
simple preprocessing,0.95
multi agent,0.95
gradient descent,0.95
neural data,0.95
search algorithm,0.95
malware classification,0.95
function complexity,0.95
neural network sentence,0.95
lstm models,0.95
statistical machine translation,0.95
similar architectures,0.95
neural machine,0.95
online reinforcement,0.95
recurrent architectures,0.95
lstm units,0.95
deep convolution,0.95
optimal complexity,0.95
dynamic programming languages,0.95
neural models,0.95
model complexity,0.95
memory rnns,0.95
text summarization,0.95
rnn regularizers,0.95
optimization problem,0.95
gradient methods,0.95
rnn architecture,0.95
turing machines,0.95
software package,0.95
networks rnns,0.95
neural network architecture,0.95
neural network rnn,0.95
executing machine,0.95
sparse constraints,0.9
3d data,0.9
convolutional architectures,0.9
computational resources,0.9
training samples,0.9
computational time,0.9
user interactions,0.9
evolutionary algorithms,0.9
hidden units,0.9
convolutional layer,0.9
neural architectures,0.9
gradient descent schemes,0.9
optimum solutions,0.9
algorithms based,0.9
image annotation,0.9
computation resources,0.9
automatic speech recognition,0.9
neural machine translation,0.9
global optimization,0.9
natural language text,0.9
social media,0.9
unsupervised domain,0.9
unsupervised pattern classification,0.9
computational intelligence,0.9
reinforcement learning,0.9
neural network models,0.9
stochastic gradient descent,0.9
polynomial time,0.9
image pixel,0.9
dynamic programming,0.9
computational efficiency,0.9
such learning parameters,0.9
embedded devices,0.9
new test inputs,0.9
computational cost,0.9
feature learning,0.9
linear autoencoders,0.9
hidden layers,0.9
multi classifier,0.9
training algorithms,0.9
kernel machines,0.9
structured output problems,0.9
artificial networks,0.9
ai tasks,0.9
computer graphics,0.9
hierarchical reinforcement,0.9
unsupervised pattern,0.9
iterative image segmentation,0.9
unsupervised learning,0.9
latent sentences,0.9
other algorithms,0.9
convolutional layer computation,0.9
sparse representation,0.9
recurrent network,0.9
deep learning algorithms,0.9
neural networks area,0.9
large scale optimization,0.9
candidate solutions,0.9
image processing,0.9
intrusion detection,0.9
less computation,0.9
neural dependency parsers,0.9
language models,0.9
classifier trained,0.9
input hidden,0.9
statistical machine translations,0.9
reordering model,0.9
input images,0.9
type annotations,0.9
sentiment algorithms,0.9
rnn models,0.9
training algorithm,0.9
signal processing,0.9
runtime performance,0.9
rnn model,0.9
perform optimization,0.9
build systems,0.9
nets rnns,0.9
interpret debug,0.9
supervised learning,0.9
unsupervised feature,0.9
intelligent text,0.85
multi agent domains,0.85
several architectures,0.85
word embedding,0.85
graph embeddings,0.85
inference engines,0.85
feature extraction,0.85
inductive program synthesis,0.85
deep belief networks,0.85
language modeling,0.85
conventional backpropagation,0.85
human machine translation,0.85
stochastic search,0.85
network regularizer,0.85
memory networks,0.85
generative image models,0.85
sql based,0.85
gradient based,0.85
inductive program,0.85
tractable learning,0.85
software developers,0.85
recent output representations,0.85
various bigram,0.85
artificial intelligence psychology,0.85
parser states,0.85
standard computer vision,0.85
cross domain object,0.85
machine intelligence,0.85
continuous optimization,0.85
deep learning approach,0.85
training set,0.85
quadratic constraints,0.85
deep learning approaches,0.85
semantic parsing,0.85
optimization algorithm,0.85
training dataset,0.85
problem instances,0.85
semantic parsing tasks,0.85
temporal difference,0.85
knowledge bases,0.85
deep auto encoders,0.85
optimization methods,0.85
semantic parsers,0.85
continuous learning reinforcement,0.85
natural language queries,0.85
computer vision,0.85
multiple image datasets,0.85
end framework,0.85
deep reinforcement,0.85
cognitive robots,0.85
training data,0.85
semantic segmentation,0.85
features optimized,0.85
many cheminformatics,0.85
gradient updates,0.85
linear classifiers,0.85
cross domain,0.85
unsupervised domain adaptation,0.85
various network architectures,0.85
graph structured,0.85
distribution algorithms,0.85
3d point clouds,0.85
multi classifier models,0.85
neural image,0.85
computational models,0.85
neural sequence labeling,0.85
multi label classification,0.85
networks rnn,0.85
auto encoders,0.85
software baseline,0.85
source code,0.85
art algorithms,0.85
memory architectures,0.85
network rnn,0.85
art neural,0.85
search space,0.85
programming process,0.85
enhance developer,0.85
network parser,0.85
write program,0.85
database tokens,0.85
floating point,0.85
conditional entropy,0.8
storage size,0.8
nonlinear pca,0.8
nonlinear pca models,0.8
neural dependency,0.8
networks trained,0.8
simple preprocessing steps,0.8
image classifiers,0.8
complexity related,0.8
word embeddings,0.8
image signals,0.8
dependency parsing,0.8
dnn computer,0.8
neural approach,0.8
sequence sorting,0.8
deep networks,0.8
medical image analysis,0.8
bidirectional image,0.8
network classification,0.8
adaptive computation,0.8
phone recognition,0.8
input test,0.8
optimization models,0.8
neuromorphic hardware,0.8
speech recognition,0.8
equality constraints,0.8
training vector,0.8
conventional machine learning,0.8
large graphs,0.8
black box optimization,0.8
various bigram types,0.8
features calculated,0.8
machine translation,0.8
web document,0.8
3d point,0.8
knowledge representation,0.8
representation learning,0.8
mobile applications,0.8
detected features,0.8
bits required,0.8
datasets containing,0.8
execution efficiency,0.8
robotics applications,0.8
neural sequence,0.8
code generation,0.8
game development,0.8
bayesian optimization,0.8
different image,0.8
self driving,0.8
neural error detection,0.8
computational tractability,0.8
neural encoder,0.8
formal language,0.8
feature engineering,0.8
different network architectures,0.8
less computations,0.8
training networks,0.8
deep learning methods,0.8
nlp tasks,0.8
pattern classifiers,0.8
limited memory,0.8
benchmark datasets,0.8
byte level,0.8
svms parameters,0.8
various rnn regularizers,0.8
limited complexity,0.8
arbitrary inputs,0.8
recognition translation,0.8
multi class classification,0.8
object categorization,0.8
multi label problems,0.8
game ai,0.8
art imagenet,0.8
memory network,0.8
accelerator chips,0.8
input sequence,0.8
latent segmentation,0.8
memory unit,0.8
networks learning,0.8
graph time,0.8
image datasets,0.8
separation algorithms,0.8
network frameworks,0.8
minimization problem,0.8
summarization question,0.8
networks models,0.8
improve optimization,0.8
solving reinforcement,0.8
classify images,0.8
labelled training,0.8
image tagging,0.8
exploit information,0.8
predefined classes,0.8
computer programmer,0.8
user inputs,0.8
reduce memory,0.8
vanishing gradients,0.8
natural language inference,0.75
deeper networks,0.75
hierarchical memory network,0.75
stochastic control,0.75
graph approximation,0.75
image classification,0.75
lstm cells,0.75
unbounded memory,0.75
dependency parser,0.75
current cad,0.75
sampled images,0.75
neural language,0.75
weight regularization,0.75
kernel methods,0.75
local learning,0.75
natural language understanding,0.75
speech tagging,0.75
multi view,0.75
generative models,0.75
model architecture,0.75
optimisation problems,0.75
practical hardware implementations,0.75
data sparsity,0.75
network architectures,0.75
most nlp applications,0.75
forward computation,0.75
generative model,0.75
neural encoder decoder,0.75
real users,0.75
stochastic optimization processes,0.75
training iterations,0.75
natural language,0.75
object detection,0.75
future optimization,0.75
iterations obtained,0.75
mobile computing,0.75
embedded speech recognition,0.75
medical image,0.75
language processing,0.75
deep learning tasks,0.75
artificial data,0.75
hierarchical memory,0.75
structured objects,0.75
sparse networks,0.75
bit space,0.75
spatial rnn,0.75
table querying,0.75
large datasets,0.75
visual turing,0.75
linear discriminators,0.75
several benchmark datasets,0.75
entire source,0.75
noisy estimation,0.75
output sequences,0.75
different complexity,0.75
many nlp tasks,0.75
latent dirichlet,0.75
sequential data,0.75
language modelling,0.75
computational geometry,0.75
convolutional filter,0.75
natural language generation,0.75
temporal pattern recognition,0.75
different kernel,0.75
new source nodes,0.75
lstm decoders,0.75
feature repository,0.75
real time object,0.75
disjoint latent,0.75
gesture recognition,0.75
input features,0.75
noisy speech recognition,0.75
visual dialog models,0.75
deep relu,0.75
deep models,0.75
graphical processing units,0.75
computer go,0.75
unlabeled target data,0.75
better recognition accuracies,0.75
sentiment analysis,0.75
generative image,0.75
deep inference,0.75
optimal graph,0.75
dimensionality reduction,0.75
mapping objects,0.75
signal analysis,0.75
modern signal processing,0.75
data mining,0.75
art rnn,0.75
art algorithm,0.75
networks requires,0.75
network layers,0.75
path finding,0.75
input pattern,0.75
dependency parsers,0.75
networks anns,0.75
value iteration,0.75
network topologies,0.75
latent feature,0.75
memory access,0.75
network predictions,0.75
line kernel,0.75
output tree,0.75
network embedded,0.75
dnn model,0.75
memory units,0.75
bigram types,0.75
prove queries,0.75
reduce dimensionality,0.75
tree structures,0.75
corresponding outputs,0.75
reduce computation,0.75
parse xml,0.75
compute operations,0.75
meta embeddings,0.7
different application,0.7
many applications,0.7
speech decoders,0.7
latent variables,0.7
generative modeling,0.7
text processing,0.7
image data,0.7
adversarial autoencoders,0.7
cheminformatics software,0.7
linear support vector,0.7
network given,0.7
sparse windows,0.7
feature preprocessors,0.7
natural language data,0.7
relational databases,0.7
extensible self service,0.7
activation functions,0.7
knowledge graph,0.7
efficient encoding,0.7
sparse prediction,0.7
hard parameter sharing,0.7
deep inferences,0.7
reconstruction error,0.7
architecture components,0.7
orthogonal regularization,0.7
external memory,0.7
remote sensing multimodal,0.7
inverse reinforcement,0.7
metric learning,0.7
multimodal sentiment,0.7
input vectors,0.7
multilingual recognition systems,0.7
many nlp applications,0.7
large applications,0.7
sparse reconstruction,0.7
network architecture,0.7
practical hardware,0.7
deep learning dl,0.7
latent space,0.7
directional wavelet,0.7
optical character recognition,0.7
multimodal sentiment analysis,0.7
many cheminformatics software,0.7
text query,0.7
hierarchical recurrent,0.7
conventional rnns,0.7
model sparsity,0.7
local minima,0.7
traditional algorithms,0.7
single object tracking,0.7
problem domains,0.7
high level features,0.7
data instances,0.7
fewer features,0.7
natural language tokens,0.7
numerical features,0.7
images using,0.7
residual networks,0.7
third party developers,0.7
optimal mutation learning,0.7
optical character,0.7
d vector extraction,0.7
art parsing,0.7
artificial agents,0.7
latent task,0.7
natural language sentences,0.7
graphical processing,0.7
image based,0.7
offline storage,0.7
policy gradient,0.7
random initialization,0.7
error detection,0.7
query tables,0.7
commonsense reasoning,0.7
massive datasets,0.7
digit recognition,0.7
input space,0.7
real neurons,0.7
mnist compared,0.7
visual dialog systems,0.7
model based,0.7
extensible self,0.7
noisy observations,0.7
systems based,0.7
distributional semantics,0.7
networks compression,0.7
networks using,0.7
user click,0.7
mnist dataset,0.7
networks graphs,0.7
networks architectures,0.7
kernel method,0.7
training software,0.7
auto encoding,0.7
end user,0.7
architectures based,0.7
output weights,0.7
networks utilizing,0.7
input samples,0.7
feature extractors,0.7
language descriptions,0.7
image preprocessing,0.7
translation system,0.7
networks called,0.7
feature processor,0.7
recognition performance,0.7
end object,0.7
extract features,0.7
map word,0.7
improve recognition,0.7
extract edges,0.7
output substrings,0.7
spam filtering,0.7
develop rnn,0.7
language architecture,0.7
learn kernels,0.7
handle images,0.7
domain experts,0.65
images identification,0.65
hierarchical latent,0.65
arcade learning,0.65
online viewer,0.65
efficient inference,0.65
sequence modeling,0.65
visual concepts,0.65
neural reasoner,0.65
performant networks,0.65
hierarchical latent variable,0.65
source features,0.65
real world robotics,0.65
gaussian input,0.65
multiply adds,0.65
evolution strategies,0.65
deep belief,0.65
image infer,0.65
image understanding,0.65
language objects,0.65
feature detectors,0.65
complex segmentation tasks,0.65
heuristic methods,0.65
logic rules,0.65
discriminative sentence modeling,0.65
visual turing test,0.65
bidirectional lstm,0.65
sample extension,0.65
single tasks,0.65
memory augmented,0.65
conditional language models,0.65
discrete latent,0.65
unsupervised discovery,0.65
neural representation,0.65
predictive coding,0.65
visual dialog,0.65
speech tags,0.65
free text,0.65
discrete memory,0.65
system supported,0.65
temporal variables,0.65
word models,0.65
complex data processing,0.65
such applications,0.65
syntactical symbols,0.65
networks demonstrated,0.65
network functions,0.65
translation systems,0.65
language inference,0.65
fire microarchitecture,0.65
network approach,0.65
penn treebank,0.65
internet web,0.65
memristor synapses,0.65
input pixels,0.65
network model,0.65
dnn optimization,0.65
tree based,0.65
feature representation,0.65
accessibility tests,0.65
layer activations,0.65
rnn cell,0.65
tag recommendation,0.65
networks based,0.65
networks dnns,0.65
error condition,0.65
speaker verification,0.65
construction graph,0.65
network training,0.65
input manipulation,0.65
information gain,0.65
discriminator function,0.65
agent environment,0.65
computer science,0.65
program models,0.65
input text,0.65
word output,0.65
latent vectors,0.65
network encoder,0.65
translation pairs,0.65
step size,0.65
networks require,0.65
image analysis,0.65
network function,0.65
input sentence,0.65
object recognition,0.65
text modeling,0.65
parameters trained,0.65
convert images,0.65
use parallelization,0.65
classify objects,0.65
generate search,0.65
play video,0.65
networks 3d,0.65
extend machine,0.65
address sparsity,0.65
classify patterns,0.65
approximation errors,0.6
gradient estimate,0.6
sanity check,0.6
word prediction,0.6
text classification,0.6
loss gradients,0.6
network generates,0.6
loss function,0.6
state compatibility,0.6
data driven,0.6
tree graphs,0.6
partition labels,0.6
latent variable,0.6
convergence accuracy,0.6
pattern recognition,0.6
document feature,0.6
speech signals,0.6
classification accuracy,0.6
domain data,0.6
tasks machine,0.6
prediction pipelines,0.6
feature representations,0.6
art lstms,0.6
types assigned,0.6
rnn language,0.6
feature matching,0.6
handwriting synthesis,0.6
input data,0.6
networks can,0.6
model prediction,0.6
networks dnn,0.6
program synthesis,0.6
network traffic,0.6
feature visualization,0.6
word similarity,0.6
datasets including,0.6
batch normalization,0.6
words model,0.6
consistency performance,0.6
image domain,0.6
network complexity,0.6
classification problems,0.6
filter maps,0.6
words modeling,0.6
subspaces layers,0.6
feature extractor,0.6
processing elements,0.6
hyperparameter choices,0.6
object signature,0.6
network configurations,0.6
regression tasks,0.6
memory policy,0.6
architecture search,0.6
relation extraction,0.6
source images,0.6
training images,0.6
input words,0.6
particle swarm,0.6
processing videos,0.6
word representations,0.6
candidate dependency,0.6
nlp applications,0.6
loss functions,0.6
compression technique,0.6
speech signal,0.6
network models,0.6
solve lasso,0.6
learn representations,0.6
perform gradient,0.6
perform inference,0.6
sample images,0.6
supervised data,0.6
compress text,0.6
networks m,0.6
perform object,0.6
feature space,0.6
minimize errors,0.6
generate models,0.6
matching tasks,0.6
hidden weights,0.6
process tasks,0.6
extraction patterns,0.55
image saliency,0.55
network design,0.55
application domains,0.55
data set,0.55
language generation,0.55
experts layer,0.55
evaluation metrics,0.55
step sizes,0.55
image patterns,0.55
input module,0.55
gradient estimators,0.55
art bits,0.55
learning problems,0.55
mapping codes,0.55
mlp training,0.55
dissimilarity kernel,0.55
sentence simplification,0.55
segmentation problem,0.55
predictions using,0.55
tracking objects,0.55
classifier level,0.55
speech frames,0.55
translation model,0.55
network designed,0.55
dialog system,0.55
class label,0.55
object tracking,0.55
networks obtaining,0.55
sequence tasks,0.55
self organizing,0.55
words models,0.55
networks cnns,0.55
training labels,0.55
snn simulation,0.55
information retrieval,0.55
similarity search,0.55
layer transformations,0.55
art networks,0.55
networks achieve,0.55
knowledge base,0.55
text representations,0.55
seed voxels,0.55
network based,0.55
network dnn,0.55
sentiment classification,0.55
information extraction,0.55
network can,0.55
document modeling,0.55
memory cell,0.55
application areas,0.55
information represented,0.55
memory bi,0.55
represent text,0.55
transform inputs,0.55
incorporate constraints,0.55
image translation,0.55
sequence learning,0.55
save computation,0.55
exploit knowledge,0.55
end dialog,0.55
repeat entity,0.55
discover patterns,0.55
provide features,0.55
crowdsourced data,0.55
leverage dependencies,0.55
sequence network,0.55
train embeddings,0.55
existing images,0.55
network agent,0.55
existing approaches,0.55
specify subroutine,0.55
convergence rate,0.5
network structure,0.5
text document,0.5
hyperparameter values,0.5
web corpora,0.5
tasks defined,0.5
particle swarms,0.5
training instances,0.5
edge devices,0.5
network accelerator,0.5
matlab keras,0.5
data representation,0.5
abstractions learning,0.5
language expressions,0.5
500d problems,0.5
memory cells,0.5
content information,0.5
end memory,0.5
test set,0.5
matching results,0.5
networks specialized,0.5
data used,0.5
methods using,0.5
word alignment,0.5
data science,0.5
data points,0.5
base model,0.5
data sets,0.5
sequence models,0.5
network increases,0.5
machine comprehension,0.5
norm constrained,0.5
beam search,0.5
document understanding,0.5
source language,0.5
sample points,0.5
class labels,0.5
sequence prediction,0.5
data streams,0.5
gibbs sampling,0.5
matrix factorization,0.5
dialogue systems,0.5
layers required,0.5
art image,0.5
face verification,0.5
networks snns,0.5
resource allocating,0.5
image description,0.5
stack contents,0.5
3d computed,0.5
model predictions,0.5
word sequence,0.5
data utilized,0.5
art spam,0.5
learning systems,0.5
gradient vanishing,0.5
language understanding,0.5
network component,0.5
object classification,0.5
rnn store,0.5
translation pair,0.5
model parameters,0.5
latent codes,0.5
robotics man,0.5
explanation method,0.5
stream data,0.5
speech processing,0.5
capture context,0.5
distributed word,0.5
represent data,0.5
learning entities,0.5
approximate inference,0.5
language information,0.45
pos tagging,0.45
classification tasks,0.45
art reinforcement,0.45
end method,0.45
analog form,0.45
tasks supervised,0.45
network hidden,0.45
regularization methods,0.45
error reduction,0.45
network performance,0.45
training points,0.45
document models,0.45
images obtained,0.45
parameter settings,0.45
performance prediction,0.45
words representations,0.45
multistep solution,0.45
control problem,0.45
data augmentation,0.45
shift reduce,0.45
machine understanding,0.45
monitoring capabilities,0.45
image search,0.45
dropping probabilities,0.45
